t_sec,no_corr_abs_wz,imu_abs_wz,flow_abs_wz
0.000000,0.06241374,0.03968237,0.05648479
0.025041,0.06008821,0.03968237,0.05747832
0.050082,0.05312475,0.04358416,0.06033476
0.075123,0.04814680,0.04932250,0.06079830
0.100164,0.04481855,0.05488138,0.06025330
0.125204,0.04287493,0.05898263,0.05931606
0.150245,0.04204511,0.06729430,0.05849687
0.175286,0.04087037,0.07585297,0.05587696
0.200327,0.04383718,0.08109819,0.05564441
0.225368,0.04857163,0.08630518,0.05563322
0.250409,0.05300015,0.08717592,0.05401458
0.275450,0.06069561,0.08632022,0.05075652
0.300491,0.05768697,0.08599884,0.04667188
0.325532,0.05294752,0.08468179,0.04221430
0.350573,0.05414901,0.08247162,0.03778564
0.375613,0.05935016,0.07951906,0.03473375
0.400654,0.06210119,0.07585129,0.03753852
0.425695,0.06335070,0.06920684,0.04286564
0.450736,0.06400155,0.05848908,0.04799155
0.475777,0.06887697,0.04795243,0.04788387
0.500818,0.07205477,0.04118579,0.04899434
0.525859,0.07448765,0.03429074,0.05060756
0.550900,0.07648866,0.03608734,0.05223884
0.575941,0.06442934,0.04153816,0.05528306
0.600982,0.06392172,0.04696299,0.05817001
0.626022,0.06829456,0.05113696,0.06051018
0.651063,0.07273171,0.05242101,0.06198715
0.676104,0.07854624,0.05253210,0.06128046
0.701145,0.08678908,0.05270631,0.05546576
0.726186,0.09601950,0.05410919,0.04835036
0.751227,0.10460682,0.05685003,0.04281690
0.776268,0.10043561,0.06011830,0.04501105
0.801309,0.09385352,0.06334174,0.04388219
0.826350,0.08512092,0.06574466,0.04072683
0.851390,0.07549381,0.06492987,0.03727309
0.876431,0.08865597,0.06256897,0.04709599
0.901472,0.09743382,0.06046468,0.05684788
0.926513,0.10123586,0.06137636,0.06249087
0.951554,0.09986055,0.06257160,0.06180813
0.976595,0.09253471,0.06255861,0.06239791
1.001636,0.08472732,0.06061989,0.06297450
1.026677,0.07594072,0.05982122,0.06260595
1.051718,0.06673772,0.05658942,0.06061992
1.076759,0.06946219,0.05318255,0.05860218
1.101799,0.07218667,0.05061447,0.05658489
1.126840,0.07771028,0.04566435,0.05643275
1.151881,0.08669495,0.04070447,0.05774317
1.176922,0.08772826,0.03810116,0.04634140
1.201963,0.08876233,0.03871797,0.03912104
1.227004,0.09180350,0.03790624,0.03452952
1.252045,0.09744438,0.03709421,0.03267946
1.277086,0.10007599,0.03666983,0.03158549
1.302127,0.10271524,0.03713621,0.03497364
1.327168,0.10520936,0.04127176,0.03862540
1.352208,0.10716894,0.04540882,0.04077221
1.377249,0.10571185,0.04846342,0.04354154
1.402290,0.10335907,0.05042169,0.04356176
1.427331,0.09834565,0.05587829,0.04275684
1.452372,0.08956056,0.06133838,0.04197423
1.477413,0.07715274,0.06245476,0.04119143
1.502454,0.06760509,0.05792488,0.03791397
1.527495,0.05963216,0.05398716,0.03564108
1.552536,0.05289805,0.05208247,0.03563356
1.577577,0.04910806,0.05141703,0.03562606
1.602617,0.04809052,0.05118790,0.03426783
1.627658,0.04898407,0.04798086,0.03403027
1.652699,0.05156281,0.05019188,0.03644065
1.677740,0.05660326,0.05203145,0.04490708
1.702781,0.05757490,0.05125203,0.04669414
1.727822,0.05816487,0.05018173,0.04550227
1.752863,0.05983614,0.04980135,0.04365710
1.777904,0.06230408,0.05060584,0.04712175
1.802945,0.06007091,0.05262069,0.04696719
1.827985,0.05708451,0.05463110,0.04741690
1.853026,0.05541732,0.05402549,0.04977100
1.878067,0.05432981,0.05263702,0.05269045
1.903108,0.04919732,0.05114581,0.04941285
1.928149,0.04296864,0.04965455,0.04456220
1.953190,0.03676874,0.05088063,0.03911368
1.978231,0.03075152,0.05168484,0.02988167
2.003272,0.03493622,0.05119538,0.02902085
2.028313,0.04176608,0.05071152,0.03023808
2.053354,0.05051178,0.04717264,0.03125230
2.078394,0.07146928,0.04506504,0.03104099
2.103435,0.09459879,0.04548891,0.03303138
2.128476,0.10765593,0.04591160,0.03581067
2.153517,0.10837785,0.04953652,0.03793485
2.178558,0.10732139,0.05315440,0.03464342
2.203599,0.10749929,0.05593505,0.03428482
2.228640,0.11019908,0.05872355,0.03555333
2.253681,0.11517932,0.04955710,0.03706415
2.278722,0.11923653,0.04269382,0.03434047
2.303763,0.11807576,0.04108102,0.03292851
2.328803,0.11337789,0.03946913,0.03212815
2.353844,0.10500153,0.04051678,0.03172927
2.378885,0.09013353,0.04269086,0.03162915
2.403926,0.07522415,0.04543985,0.03152900
2.428967,0.06919935,0.04818503,0.02958050
2.454008,0.07262448,0.04300596,0.02675088
2.479049,0.07723640,0.03756564,0.02868174
2.504090,0.08301653,0.03365638,0.03088676
2.529131,0.08331111,0.03045096,0.03118043
2.554171,0.07747152,0.03156506,0.03000559
2.579212,0.07007261,0.03242865,0.03094736
2.604253,0.06851218,0.03177636,0.03392931
2.629294,0.06788579,0.02967123,0.03722321
2.654335,0.06574122,0.02929121,0.03938328
2.679376,0.05738602,0.02737491,0.03744262
2.704417,0.05301495,0.02346212,0.03316110
2.729458,0.04884100,0.01871673,0.02970950
2.754499,0.04412412,0.01837174,0.02839214
2.779540,0.03941119,0.01882806,0.02964611
2.804580,0.04338859,0.02000963,0.02792202
2.829621,0.04935144,0.02437354,0.02659536
2.854662,0.05569890,0.02319760,0.02657694
2.879703,0.06203262,0.02108432,0.02818878
2.904744,0.06169555,0.01940432,0.03179152
2.929785,0.06097284,0.01953857,0.03557353
2.954826,0.06095054,0.01757499,0.03942683
2.979867,0.06092826,0.01527415,0.04419729
3.004908,0.06097644,0.01367500,0.04444804
3.029949,0.06405479,0.01492097,0.04399917
3.054989,0.06913078,0.01707510,0.04331277
3.080030,0.07147454,0.01806496,0.04171391
3.105071,0.06412640,0.01819516,0.04371465
3.130112,0.05858763,0.01933917,0.04625907
3.155153,0.05629414,0.02512444,0.04798197
3.180194,0.05569890,0.02987353,0.04672629
3.205235,0.05480673,0.03290529,0.04165110
3.230276,0.05595559,0.03479921,0.03600272
3.255317,0.05992043,0.03676672,0.03130428
3.280358,0.06785585,0.04306153,0.02979907
3.305398,0.07750335,0.05058912,0.03555154
3.330439,0.08738778,0.04981076,0.03864474
3.355480,0.09555006,0.04903511,0.03850021
3.380521,0.09752937,0.05200921,0.03719427
3.405562,0.09513425,0.05568939,0.03506968
3.430603,0.09218326,0.05141846,0.03490288
3.455644,0.09264958,0.04715028,0.03580819
3.480685,0.10490017,0.04465160,0.03501272
3.505726,0.10771581,0.04479500,0.03384247
3.530766,0.10941768,0.04913028,0.03532636
3.555807,0.10855729,0.05356410,0.03762497
3.580848,0.09922954,0.05130390,0.03618098
3.605889,0.08487339,0.04726122,0.03473471
3.630930,0.06994786,0.05375719,0.03812987
3.655971,0.05870035,0.06020053,0.04458145
3.681012,0.05913204,0.06198072,0.04957099
3.706053,0.06356017,0.06019461,0.05435162
3.731094,0.06842334,0.05845715,0.05645103
3.756135,0.06940379,0.05672350,0.05633098
3.781175,0.05846051,0.06050493,0.05717632
3.806216,0.05822944,0.06486410,0.05802159
3.831257,0.05654227,0.05902116,0.05734699
3.856298,0.05538266,0.05319757,0.05554374
3.881339,0.06105996,0.05023352,0.05351386
3.906380,0.06564004,0.04781956,0.05225666
3.931421,0.07226663,0.04120829,0.05054546
3.956462,0.07707550,0.03397673,0.04879374
3.981503,0.07225378,0.02830645,0.04814158
4.006544,0.06742122,0.02470890,0.04621880
4.031584,0.06421566,0.02427634,0.04347013
4.056625,0.06171998,0.02615447,0.04092890
4.081666,0.05810799,0.02833013,0.04043974
4.106707,0.05380158,0.03303687,0.03988090
4.131748,0.06017963,0.04433228,0.04013145
4.156789,0.07273743,0.04567007,0.04090239
4.181830,0.08303659,0.04792908,0.04167343
4.206871,0.07899727,0.05120935,0.03791840
4.231912,0.07372799,0.05448334,0.03518940
4.256952,0.07069962,0.05339505,0.03326620
4.281993,0.07415905,0.05416676,0.03134646
4.307034,0.07822475,0.05625922,0.03456412
4.332075,0.08058928,0.05835105,0.03610565
4.357116,0.08187079,0.05975106,0.03647607
4.382157,0.08315527,0.05565834,0.03684818
4.407198,0.08398624,0.04824235,0.03975165
4.432239,0.07435231,0.04082384,0.03930121
4.457280,0.05834640,0.04436247,0.03673858
4.482321,0.04227309,0.04538805,0.03422925
4.507361,0.04580479,0.04465661,0.04125752
4.532402,0.04807540,0.04393013,0.04525692
4.557443,0.05386153,0.04422491,0.04718090
4.582484,0.07077162,0.04327099,0.04910520
4.607525,0.07663538,0.04173814,0.04622032
4.632566,0.08208297,0.04063366,0.04780746
4.657607,0.08627067,0.03889641,0.05195816
4.682648,0.08753408,0.03652755,0.05611221
4.707689,0.08713592,0.03531703,0.05670253
4.732730,0.08877791,0.03744942,0.05915754
4.757770,0.09081275,0.04043985,0.06265748
4.782811,0.09112391,0.04422610,0.06615814
4.807852,0.10171676,0.04620937,0.06258048
4.832893,0.11254574,0.04337469,0.06059245
4.857934,0.11583579,0.04352998,0.05966946
4.882975,0.10290653,0.04593544,0.05916609
4.908016,0.10013633,0.04958129,0.05979182
4.933057,0.09695404,0.05338257,0.05943889
4.958098,0.09545695,0.05681726,0.05847958
4.983138,0.09813119,0.06116140,0.05729420
