t_sec,imu_wz_rad_s,pwm_l_pct,pwm_r_pct,cl,cr,imu_corr,yaw_filt_rad_s
0.000000,nan,,,,,,
0.033269,nan,,,,,,
0.066537,nan,,,,,,
0.099904,nan,,,,,,
0.133227,nan,,,,,,
0.166550,nan,,,,,,
0.199979,nan,,,,,,
0.233225,nan,,,,,,
0.266595,nan,,,,,,
0.299983,nan,,,,,,
0.333238,nan,,,,,,
0.366538,nan,,,,,,
0.399989,nan,,,,,,
0.433228,nan,,,,,,
0.466596,nan,,,,,,
0.500453,nan,,,,,,
0.533221,nan,,,,,,
0.566531,nan,,,,,,
0.599990,nan,,,,,,
0.634823,nan,,,,,,
0.666541,nan,,,,,,
0.699868,nan,,,,,,
0.733258,nan,,,,,,
0.766536,nan,,,,,,
0.799934,nan,,,,,,
0.833232,nan,,,,,,
0.866542,nan,,,,,,
0.899909,nan,,,,,,
0.933222,nan,,,,,,
0.966550,nan,,,,,,
0.999856,nan,,,,,,
1.033200,nan,,,,,,
1.066607,nan,,,,,,
1.099899,nan,,,,,,
1.133224,nan,,,,,,
1.166829,nan,,,,,,
1.199888,nan,,,,,,
1.233209,nan,,,,,,
1.266535,nan,,,,,,
1.299887,nan,,,,,,
1.333225,nan,,,,,,
1.366610,nan,,,,,,
1.399932,nan,,,,,,
1.433218,nan,,,,,,
1.466686,nan,,,,,,
1.499886,nan,,,,,,
1.533303,nan,,,,,,
1.566562,nan,,,,,,
1.599888,nan,,,,,,
1.633200,nan,,,,,,
1.666841,nan,,,,,,
1.699862,nan,,,,,,
1.733226,nan,,,,,,
1.766945,nan,,,,,,
1.799907,nan,,,,,,
1.833338,nan,,,,,,
1.866643,nan,,,,,,
1.899898,nan,,,,,,
1.933216,nan,,,,,,
1.966598,nan,,,,,,
1.999891,nan,,,,,,
2.033199,nan,,,,,,
2.066829,nan,,,,,,
2.099900,nan,,,,,,
2.133197,nan,,,,,,
2.167030,nan,,,,,,
2.199881,nan,,,,,,
2.233206,nan,,,,,,
2.266604,nan,,,,,,
2.299884,nan,,,,,,
2.333315,nan,,,,,,
2.369771,nan,,,,,,
2.400263,-0.00162106,,,,,,
2.434761,0.00117845,,,,,,
2.466600,0.00117845,,,,,,
2.499880,0.00011205,,,,,,
2.533183,0.00037909,,,,,,
2.566608,0.00037909,,,,,,
2.599895,-0.00055467,,,,,,
2.633223,0.00051173,,,,,,
2.666696,0.00051173,,,,,,
2.699858,-0.00068731,,,,,,
2.733662,-0.00042028,,,,,,
2.766583,-0.00042028,,,,,,
2.799879,-0.00028763,,,,,,
2.833238,-0.00028763,,,,,,
2.866608,0.00117845,,,,,,
2.899884,0.13574159,,,,,,
2.933211,0.13574159,,,,,,
2.966595,-0.05784335,,,,,,
2.999860,-0.03412782,,,,,,
3.033205,-0.03412782,,,,,,
3.066571,-0.01521020,,,,,,
3.099858,0.01609927,,,,,,
3.133199,0.01609927,,,,,,
3.166576,0.06659339,,,,,,
3.200196,0.06659339,,,,,,
3.233252,0.05153992,,,,,,
3.266578,0.00450853,,,,,,
3.300057,0.00450853,,,,,,
3.334171,-0.01334444,,,,,,
3.366591,-0.06130783,,,,,,
3.399926,-0.06130783,,,,,,
3.433258,0.01396822,,,,,,
3.466637,0.02875639,,,,,,
3.499904,0.02875639,,,,,,
3.533253,-0.03266349,,,,,,
3.566505,0.03834872,,,,,,
3.599878,0.03834872,,,,,,
3.633253,0.03048776,,,,,,
3.666637,0.03048776,,,,,,
3.699868,0.06233129,,,,,,
3.733242,-0.02027340,,,,,,
3.766539,-0.02027340,,,,,,
3.799874,-0.05811039,,,,,,
3.834841,-0.04611998,,,,,,
3.866573,-0.04611998,,,,,,
3.899895,-0.00388475,,,,,,
3.933339,0.04967416,,,,,,
3.966545,0.04967416,,,,,,
3.999878,-0.06770272,,,,,,
4.033866,0.02142950,,,,,,
4.066577,0.02142950,,,,,,
4.100014,0.07458874,,,,,,
4.133367,0.07458874,,,,,,
4.166561,-0.03865869,,,,,,
4.199871,-0.01294476,,,,,,
4.233933,-0.01294476,,,,,,
4.266566,-0.02746764,,,,,,
4.299855,-0.07769473,,,,,,
4.333274,-0.07769473,,,,,,
4.366534,0.00890502,,,,,,
4.399888,-0.07596336,,,,,,
4.434525,-0.07596336,,,,,,
4.466584,-0.05331422,,,,,,
4.499876,-0.01654188,,,,,,
4.533263,-0.01654188,,,,,,
4.566590,0.05500266,,,,,,
4.599890,0.10016829,,,,,,
4.633245,0.10016829,,,,,,
4.666602,0.02875639,,,,,,
4.699847,0.02449255,,,,,,
4.733306,0.02449255,,,,,,
4.766556,-0.00734923,,,,,,
4.799845,0.08164860,,,,,,
4.833280,0.08164860,,,,,,
4.866560,-0.00481850,,,,,,
4.900255,-0.00481850,,,,,,
4.933317,0.00131109,,,,,,
4.966550,0.11335774,,,,,,
4.999883,0.11335774,,,,,,
5.033253,-0.04851806,,,,,,
5.066548,-0.04172349,,,,,,
5.099827,-0.04172349,,,,,,
5.133297,-0.03426221,,,,,,
5.166537,-0.06343888,,,,,,
5.199871,-0.06343888,,,,,,
5.233270,-0.07956048,,,,,,
5.266566,-0.07956048,,,,,,
5.299871,-0.06463792,,,,,,
5.333232,-0.05011678,,,,,,
5.366568,-0.05011678,,,,,,
5.399994,0.01037110,,,,,,
5.433276,-0.04452125,,,,,,
5.466596,-0.04452125,,,,,,
5.499892,-0.02440284,,,,,,
5.533285,0.02609128,,,,,,
5.566630,0.02609128,,,,,,
5.599893,0.02808968,,,,,,
5.633725,-0.11393474,,,,,,
5.666564,-0.11393474,,,,,,
5.700305,-0.00908060,,,,,,
5.734228,0.06393001,,,,,,
5.766575,0.06393001,,,,,,
5.800077,0.06033289,,,,,,
5.833279,0.06033289,,,,,,
5.866561,-0.04438686,,,,,,
5.899959,-0.01987372,,,,,,
5.933236,-0.01987372,,,,,,
5.966558,-0.04252285,,,,,,
6.000212,-0.03532686,,,,,,
6.033244,-0.03532686,,,,,,
6.066549,-0.01187836,,,,,,
6.100893,0.17797506,,,,,,
6.133226,0.17797506,,,,,,
6.166536,0.03515128,,,,,,
6.199856,-0.02693357,,,,,,
6.233227,-0.02693357,,,,,,
6.266541,-0.01947403,,,,,,
6.302416,0.01117046,,,,,,
6.333239,0.01117046,,,,,,
6.366556,-0.04145646,,,,,,
6.399963,-0.04145646,,,,,,
6.433225,0.10256637,,,,,,
6.466554,0.01383383,,,,,,
6.499928,0.01383383,,,,,,
6.533241,0.08471339,,,,,,
6.566545,0.04434393,,,,,,
6.600050,0.04434393,,,,,,
6.633212,0.00131109,,,,,,
6.666495,0.03208648,,,,,,
6.699929,0.03208648,,,,,,
6.733264,-0.05424623,,,,,,
6.766510,-0.01374412,,,,,,
6.799831,-0.01374412,,,,,,
6.833229,-0.06383856,,,,,,
6.866539,-0.06383856,,,,,,
6.899895,-0.14550950,,,,,,
6.933288,0.00104406,,,,,,
6.966555,0.00104406,,,,,,
6.999937,-0.07356528,,,,,,
7.033237,0.04101384,,,,,,
7.066644,0.04101384,,,,,,
7.099928,-0.04865070,,,,,,
7.133234,0.00570758,,,,,,
7.166579,0.00570758,,,,,,
7.199907,-0.03466189,,,,,,
7.233206,-0.01560988,,,,,,
7.266542,-0.01560988,,,,,,
7.299862,-0.07103281,,,,,,
7.333206,-0.07103281,,,,,,
7.366550,-0.07782912,,,,,,
7.399931,-0.00921499,,,,,,
7.433232,-0.00921499,,,,,,
7.466552,-0.03319581,,,,,,
7.499863,-0.00202074,,,,,,
7.533229,-0.00202074,,,,,,
7.566571,-0.01014700,,,,,,
7.599889,-0.06983376,,,,,,
7.633224,-0.06983376,,,,,,
7.667859,0.03235352,,,,,,
7.700274,0.03235352,,,,,,
7.733233,-0.03626061,,,,,,
7.766720,-0.01374412,,,,,,
7.801628,-0.01374412,,,,,,
7.833266,0.04301224,,,,,,
7.867263,0.04647672,,,,,,
7.899897,0.04647672,,,,,,
7.933231,-0.01067932,,,,,,
7.966963,-0.01067932,,,,,,
7.999897,0.04767576,,,,,,
8.033245,-0.00881531,,,,,,
8.066658,-0.00881531,,,,,,
8.099914,0.03328552,,,,,,
8.133242,0.08990924,,,,,,
8.166786,0.08990924,,,,,,
8.199909,0.10376541,,,,,,
8.233203,0.00530790,,,,,,
8.267150,0.00530790,,,,,,
8.299902,-0.02839965,,,,,,
8.333208,-0.03919102,,,,,,
8.366868,-0.03919102,,,,,,
8.399850,0.01796502,,,,,,
8.433132,-0.02280412,,,,,,
8.466719,-0.02280412,,,,,,
8.499909,-0.08555569,,,,,,
8.533221,-0.08555569,,,,,,
8.566772,-0.00774891,,,,,,
8.599828,0.01263479,,,,,,
8.633203,0.01263479,,,,,,
8.666577,-0.05624463,,,,,,
8.699893,0.00837269,,,,,,
8.733206,0.00837269,,,,,,
8.766663,-0.06463792,,,,,,
8.801731,-0.06823504,,,,,,
8.833228,-0.06823504,,,,,,
8.866552,-0.09075154,,,,,,
8.899879,-0.07263327,,,,,,
8.933268,-0.07263327,,,,,,
8.966563,-0.05118143,,,,,,
8.999777,0.01849735,,,,,,
9.034542,0.01849735,,,,,,
9.066557,0.04394425,,,,,,
9.100848,0.04394425,,,,,,
9.133202,0.05393800,,,,,,
9.166548,0.06512906,,,,,,
9.199907,0.06512906,,,,,,
9.233240,-0.04785134,,,,,,
9.266567,0.01263479,,,,,,
9.299991,0.01263479,,,,,,
9.333250,-0.01174572,,,,,,
9.366593,-0.05317983,,,,,,
9.399935,-0.05317983,,,,,,
9.433342,0.00584022,,,,,,
9.466536,-0.04212317,,,,,,
9.500197,-0.04212317,,,,,,
9.533220,-0.08941985,,,,,,
9.567244,-0.01707421,,,,,,
9.599899,-0.01707421,,,,,,
9.633233,0.04807544,,,,,,
9.666559,0.02249415,,,,,,
9.699917,0.02249415,,,,,,
9.733242,-0.09541506,,,,,,
9.766528,-0.06517199,,,,,,
9.799916,-0.06517199,,,,,,
9.833211,-0.05331422,,,,,,
9.866496,-0.06677071,,,,,,
9.899843,-0.06677071,,,,,,
9.933222,-0.05438062,,,,,,
9.966420,-0.06437263,,,,,,
9.999843,-0.06437263,,,,,,
10.033206,0.05167257,,,,,,
10.066571,0.05167257,,,,,,
10.099866,0.02369319,,,,,,
10.133224,-0.01720860,,,,,,
10.166631,-0.01720860,,,,,,
10.199897,-0.09101857,,,,,,
10.233226,-0.11473411,,,,,,
10.266565,-0.11473411,,,,,,
10.299894,-0.10527442,,,,,,
10.333266,-0.00415179,,,,,,
10.366556,-0.00415179,,,,,,
10.399900,-0.02826700,,,,,,
10.433196,-0.06930144,,,,,,
10.466563,-0.06930144,,,,,,
10.500717,-0.00295275,,,,,,
10.533164,0.06459498,,,,,,
10.566566,0.06459498,,,,,,
10.599900,0.07338970,,,,,,
10.633195,-0.18987577,,,,,,
10.666586,-0.18987577,,,,,,
10.699896,0.35623950,,,,,,
10.733250,-0.06463792,,,,,,
10.766665,-0.06463792,,,,,,
10.799924,0.01969639,,,,,,
10.833194,0.00677397,,,,,,
10.867406,0.00677397,,,,,,
10.899872,0.02609128,,,,,,
10.933286,0.02609128,,,,,,
10.966657,0.00144374,,,,,,
10.999994,0.00397621,,,,,,
11.033249,0.00397621,,,,,,
11.066677,-0.00295275,,,,,,
11.099885,0.00304246,,,,,,
11.133234,0.00304246,,,,,,
11.166585,0.00131109,,,,,,
11.199911,-0.00361946,,,,,,
11.233234,-0.00361946,,,,,,
11.266582,0.00091141,,,,,,
11.299906,-0.00215339,,,,,,
11.333312,-0.00215339,,,,,,
11.366585,0.00077877,,,,,,
11.400522,-0.00255307,,,,,,
11.433212,-0.00255307,,,,,,
11.466578,0.00277717,,,,,,
11.499878,-0.00202074,,,,,,
11.533204,-0.00202074,,,,,,
11.566530,0.00290981,,,,,,
11.599854,-0.00335243,,,,,,
11.633240,-0.00335243,,,,,,
11.666543,0.00224310,,,,,,
11.699889,0.00224310,,,,,,
11.733204,-0.00228603,,,,,,
11.766560,0.00064438,,,,,,
11.799877,0.00064438,,,,,,
11.833220,-0.00242042,,,,,,
11.866539,0.00171077,,,,,,
11.899819,0.00171077,,,,,,
11.933228,-0.00055467,,,,,,
11.966537,0.00011205,,,,,,
11.999864,0.00011205,,,,,,
12.033235,-0.00108699,,,,,,
12.066471,0.00171077,,,,,,
12.099866,0.00171077,,,,,,
12.133204,-0.00148667,,,,,,
12.166519,0.00077877,,,,,,
12.199884,0.00077877,,,,,,
12.233224,-0.00068731,,,,,,
12.267379,-0.00068731,,,,,,
12.299886,-0.00015499,,,,,,
12.333232,0.00077877,,,,,,
12.366563,0.00077877,,,,,,
12.399891,0.00051173,,,,,,
12.433186,-0.00108699,,,,,,
12.466535,-0.00108699,,,,,,
12.499920,-0.00028763,,,,,,
12.533201,0.00011205,,,,,,
12.566567,0.00011205,,,,,,
12.599898,-0.00295275,,,,,,
12.633138,0.00184342,,,,,,
12.666716,0.00184342,,,,,,
12.699944,-0.00202074,,,,,,
12.733169,0.00251013,,,,,,
12.766602,0.00251013,,,,,,
